<?xml version="1.0" encoding="UTF-8"?>
<project-private xmlns="http://www.netbeans.org/ns/project-private/1">
    <editor-bookmarks xmlns="http://www.netbeans.org/ns/editor-bookmarks/2" lastBookmarkId="0"/>
    <open-files xmlns="http://www.netbeans.org/ns/projectui-open-files/2">
        <group>
            <file>file:/C:/Users/LENOVO/Documents/NetBeansProjects/New%20folder/JavaFXApplication8/src/javafxapplication8/JavaFXApplication8.java</file>
            <file>file:/C:/Users/LENOVO/Documents/NetBeansProjects/New%20folder/JavaFXApplication8/src/javafxapplication8/LoginController.java</file>
            <file>file:/C:/Users/LENOVO/Documents/NetBeansProjects/New%20folder/JavaFXApplication8/src/javafxapplication8/Login.css</file>
            <file>file:/C:/Users/LENOVO/Documents/NetBeansProjects/New%20folder/JavaFXApplication8/src/Home/HomePage.fxml</file>
            <file>file:/C:/Users/LENOVO/Documents/NetBeansProjects/New%20folder/JavaFXApplication8/src/Home/HomePageController.java</file>
            <file>file:/C:/Users/LENOVO/Documents/NetBeansProjects/New%20folder/JavaFXApplication8/src/Home/homepage.css</file>
            <file>file:/C:/Users/LENOVO/Documents/NetBeansProjects/New%20folder/JavaFXApplication8/src/project1/Customer.java</file>
            <file>file:/C:/Users/LENOVO/Documents/NetBeansProjects/New%20folder/JavaFXApplication8/src/project1/User.java</file>
            <file>file:/C:/Users/LENOVO/Documents/NetBeansProjects/New%20folder/JavaFXApplication8/src/project1/Warehouse.java</file>
            <file>file:/C:/Users/LENOVO/Documents/NetBeansProjects/New%20folder/JavaFXApplication8/src/project1/Table.java</file>
            <file>file:/C:/Users/LENOVO/Documents/NetBeansProjects/New%20folder/JavaFXApplication8/src/project1/Bed.java</file>
            <file>file:/C:/Users/LENOVO/Documents/NetBeansProjects/New%20folder/JavaFXApplication8/src/project1/Main.java</file>
            <file>file:/C:/Users/LENOVO/Documents/NetBeansProjects/New%20folder/JavaFXApplication8/src/Sofa/SofaPageController.java</file>
            <file>file:/C:/Users/LENOVO/Documents/NetBeansProjects/New%20folder/JavaFXApplication8/src/Sofa/sofapage.css</file>
            <file>file:/C:/Users/LENOVO/Documents/NetBeansProjects/New%20folder/JavaFXApplication8/src/Sofa/SofaPage.fxml</file>
            <file>file:/C:/Users/LENOVO/Documents/NetBeansProjects/New%20folder/JavaFXApplication8/src/Table/TablePageController.java</file>
            <file>file:/C:/Users/LENOVO/Documents/NetBeansProjects/New%20folder/JavaFXApplication8/src/Table/TablePage.fxml</file>
            <file>file:/C:/Users/LENOVO/Documents/NetBeansProjects/New%20folder/JavaFXApplication8/src/Table/tablepage.css</file>
            <file>file:/C:/Users/LENOVO/Documents/NetBeansProjects/New%20folder/JavaFXApplication8/src/Bed/BedPageController.java</file>
            <file>file:/C:/Users/LENOVO/Documents/NetBeansProjects/New%20folder/JavaFXApplication8/src/Bed/bedpage.css</file>
            <file>file:/C:/Users/LENOVO/Documents/NetBeansProjects/New%20folder/JavaFXApplication8/src/Bed/BedPage.fxml</file>
            <file>file:/C:/Users/LENOVO/Documents/NetBeansProjects/New%20folder/JavaFXApplication8/src/Cart/CartPage.fxml</file>
            <file>file:/C:/Users/LENOVO/Documents/NetBeansProjects/New%20folder/JavaFXApplication8/src/Cart/CartPageController.java</file>
            <file>file:/C:/Users/LENOVO/Documents/NetBeansProjects/New%20folder/JavaFXApplication8/src/Cart/cartpage.css</file>
        </group>
    </open-files>
</project-private>
